time,cmd_lin_x,cmd_ang_z
1746638362.4806519,0.15,0.0
1746638362.8003337,0.15,0.0
1746638363.173575,0.15,0.0
1746638363.5012648,0.15,0.0
1746638363.974778,0.15,0.0
1746638364.3852813,0.15,0.0
1746638364.666181,0.15,0.0
1746638364.9003694,0.15,0.0
1746638365.3071363,0.15,0.0
1746638365.603049,0.15,0.0
1746638365.9939744,0.15,0.0
1746638366.3083184,0.15,0.0
1746638366.6859775,0.15,0.0
1746638367.0051262,0.15,0.0
1746638367.2892783,0.15,0.0
1746638367.5107648,0.15,0.0
1746638367.8146796,0.15,0.0
1746638368.1872282,0.15,0.0
1746638368.4858217,0.15,0.0
1746638368.8100333,0.15,0.0
1746638369.1066918,0.15,0.0
1746638369.3820984,0.15,0.0
1746638369.8112185,0.15,0.0
1746638370.0904775,0.15,0.0
1746638370.3874555,0.15,0.0
1746638370.8778656,0.15,0.0
1746638371.2647586,0.15,0.0
1746638371.6061738,0.15,0.0
1746638372.098493,0.15,0.0
1746638372.4936717,0.15,0.0
1746638373.0127301,0.15,0.0
1746638373.317238,0.15,0.0
1746638373.7074137,0.15,0.0
1746638374.2268884,0.15,0.0
1746638374.5902116,0.15,0.0
1746638374.9729915,0.15,0.0
1746638375.3654342,0.15,0.0
1746638375.704468,0.15,0.0
1746638376.2038894,0.15,0.0
1746638376.6390822,0.15,0.0
1746638376.9833114,0.15,0.0
1746638377.4045408,0.15,0.0
1746638377.7042606,0.15,0.0
1746638378.0683641,0.15,0.0
1746638378.3927011,0.15,0.0
1746638378.872206,0.15,0.0
1746638379.184477,0.15,0.0
1746638379.468499,0.15,0.0
1746638379.8118513,0.15,0.0
1746638380.1890707,0.15,0.0
1746638380.567787,0.15,0.0
1746638380.8784614,0.15,0.0
1746638381.1973724,0.15,0.0
1746638381.5168948,0.15,0.0
1746638381.8962553,0.15,0.0
1746638382.1957667,0.15,0.0
1746638382.5690565,0.15,0.0
1746638382.8729675,0.15,0.0
1746638383.1841226,0.15,0.0
1746638383.577259,0.15,0.0
1746638383.8962169,0.15,0.0
1746638384.2076192,0.15,0.0
1746638384.5831902,0.15,0.0
1746638384.9792454,0.15,0.0
1746638385.414727,0.15,0.0
1746638385.7783818,0.15,0.0
1746638386.1958032,0.15,0.0
1746638386.6632354,0.15,0.0
1746638386.965506,0.15,0.0
1746638387.2781258,0.15,0.0
1746638387.6014497,0.15,0.0
1746638387.9855633,0.15,0.0
1746638388.3985996,0.15,0.0
1746638388.7681332,0.15,0.0
1746638389.0116076,0.15,0.0
1746638389.402736,0.15,0.0
1746638389.7954786,0.15,0.0
1746638390.2026017,0.15,0.0
1746638390.4952412,0.15,0.0
1746638390.9702387,0.15,0.0
1746638391.2791693,0.15,0.0
1746638391.6007788,0.15,0.0
1746638391.964319,0.15,0.0
1746638392.1861012,0.15,0.0
1746638392.4847941,0.15,0.0
1746638392.7801006,0.15,0.0
1746638393.1883025,0.15,0.0
1746638393.4753788,0.15,0.0
1746638393.7730126,0.15,0.0
1746638394.0972738,0.15,0.0
1746638394.4670665,0.15,0.0
1746638394.6828582,0.15,0.0
1746638395.0687878,-0.05,0.8035687699104108
1746638395.4647324,0.0,0.3
1746638395.7081647,0.0,0.3
1746638395.9945858,0.0,0.3
1746638396.3893154,0.0,0.3
1746638396.7072065,0.0,0.3
1746638396.9858475,0.0,0.3
1746638397.2848704,-0.05,-0.7444522953940648
1746638397.5806494,0.0,0.3
1746638397.8896449,0.0,0.3
1746638398.3680003,0.0,0.3
1746638398.59375,0.0,0.3
1746638398.971167,0.0,0.3
1746638399.2064905,0.0,0.3
1746638399.5626762,-0.05,-1.4559175700966254
1746638399.8100655,0.0,0.3
1746638400.1911767,0.0,0.3
1746638400.5662055,0.0,0.3
1746638400.9004734,0.0,0.3
1746638401.3129616,0.0,0.3
1746638401.6013596,-0.05,-1.191312878180524
1746638401.9843445,0.0,0.3
1746638402.2845917,0.0,0.3
1746638402.5912888,0.0,0.3
1746638402.8784988,0.0,0.3
1746638403.1767719,0.0,0.3
1746638403.5632846,0.0,0.3
1746638403.8668058,-0.05,0.8921433510544263
1746638404.1822212,0.0,0.3
1746638404.5032423,0.15,0.0
1746638404.8098211,0.0,0.3
1746638405.297365,0.0,0.3
1746638405.686731,0.0,0.3
1746638406.0115774,0.15,0.0
1746638406.3032424,-0.05,-0.07213623008673453
1746638406.8142478,0.0,0.3
1746638407.182735,0.15,0.0
1746638407.5871985,0.0,0.3
1746638408.067173,0.0,0.3
1746638408.3992786,0.15,0.0
1746638408.7721598,-0.05,1.153929270132232
1746638409.1866736,0.0,0.3
1746638409.5690665,0.15,0.0
1746638409.8658357,0.1,0.5
1746638410.1022716,0.1,0.5
1746638410.4758468,0.1,0.5
1746638410.8717215,0.1,0.5
1746638411.199602,0.1,0.5
1746638411.5731347,0.1,0.5
1746638411.9676974,0.1,0.5
1746638412.3692193,0.1,0.5
1746638412.7676938,0.1,0.5
1746638413.1850517,0.1,0.5
1746638413.565718,0.1,0.5
1746638413.9628766,0.1,0.5
1746638414.3821447,0.1,0.5
1746638414.773203,0.15,0.0
1746638415.0995905,0.15,0.0
1746638415.3954036,0.15,0.0
1746638415.8814557,0.15,0.0
1746638416.1053817,0.15,0.0
1746638416.4884331,0.15,0.0
1746638416.784524,0.15,0.0
1746638417.2085023,0.15,0.0
1746638417.5854285,0.15,0.0
1746638418.0015576,0.15,0.0
1746638418.3640752,0.15,0.0
1746638418.6643813,0.15,0.0
1746638418.9662056,0.15,0.0
1746638419.2900655,0.15,0.0
1746638419.5633168,0.15,0.0
1746638419.7862144,0.15,0.0
1746638420.0686648,0.15,0.0
1746638420.3690248,0.15,0.0
1746638420.7034266,0.15,0.0
1746638421.173443,0.15,0.0
1746638421.5812824,0.15,0.0
1746638421.8724108,-0.05,0.2084376692072918
1746638422.1813784,0.0,0.3
1746638422.487673,0.0,0.3
1746638422.8735886,0.0,0.3
1746638423.2754357,0.0,0.3
1746638423.5650587,0.0,0.3
1746638423.867586,0.0,0.3
1746638424.1834154,-0.05,0.934254626524532
1746638424.504638,0.0,0.3
1746638424.900575,0.15,0.0
1746638425.3840368,0.15,0.0
1746638425.6803408,0.15,0.0
1746638426.0765522,0.0,0.3
1746638426.4672616,0.15,0.0
1746638426.7638876,0.15,0.0
1746638427.0702045,0.15,0.0
1746638427.4059217,0.15,0.0
1746638427.7652373,0.15,0.0
1746638428.0022292,0.15,0.0
1746638428.4698403,0.1,0.5
1746638428.7767365,0.1,0.5
1746638429.0748725,0.1,0.5
1746638429.4633512,0.15,0.0
1746638429.886837,0.15,0.0
1746638430.2626188,0.15,0.0
1746638430.5754974,0.15,0.0
1746638430.8827646,0.1,0.5
1746638431.1990316,0.1,0.5
1746638431.4878294,0.1,0.5
1746638431.8060749,0.15,0.0
1746638432.1685984,0.15,0.0
1746638432.471919,0.15,0.0
1746638432.8798072,0.15,0.0
1746638433.2852755,0.15,0.0
1746638433.6626027,0.15,0.0
1746638433.998114,0.15,0.0
1746638434.3784122,0.15,0.0
1746638434.8062103,0.15,0.0
1746638435.1005533,0.15,0.0
1746638435.4681213,0.15,0.0
1746638435.7815468,0.15,0.0
1746638436.0832934,0.15,0.0
1746638436.386171,0.15,0.0
1746638436.6935232,0.15,0.0
1746638436.973964,0.15,0.0
1746638437.2909493,0.15,0.0
1746638437.5815604,0.15,0.0
1746638437.8843231,0.15,0.0
1746638438.263719,0.15,0.0
1746638438.5749083,0.15,0.0
1746638438.9653652,0.1,-0.5
1746638439.1763,0.1,-0.5
1746638439.4996207,0.1,-0.5
1746638439.8748195,0.1,-0.5
1746638440.2898192,0.1,-0.5
1746638440.692953,0.1,-0.5
1746638440.9949026,0.15,0.0
1746638441.3681397,0.15,0.0
1746638441.5999494,0.15,0.0
1746638441.9043272,0.15,0.0
1746638442.268629,0.15,0.0
1746638442.6083086,0.15,0.0
1746638442.8902726,0.15,0.0
1746638443.1874468,0.15,0.0
1746638443.4723113,0.15,0.0
1746638443.7031276,0.15,0.0
1746638444.1909263,0.15,0.0
1746638444.58047,0.15,0.0
1746638444.9835863,-0.05,1.1942662407887097
1746638445.363112,0.0,0.3
1746638445.6792183,0.15,0.0
1746638446.0642185,0.15,0.0
1746638446.3639603,0.15,0.0
1746638446.6835105,0.15,0.0
1746638446.9756339,0.15,0.0
1746638447.2690442,0.15,0.0
1746638447.5860715,0.15,0.0
1746638447.8780527,0.1,0.5
1746638448.1631262,0.1,0.5
1746638448.376243,0.1,0.5
1746638448.7687538,0.15,0.0
1746638449.078999,0.15,0.0
1746638449.3828743,0.15,0.0
1746638449.6647844,0.15,0.0
1746638449.966939,0.1,0.5
1746638450.2715623,0.1,0.5
1746638450.597416,0.1,0.5
1746638450.9626105,0.15,0.0
1746638451.1969237,0.15,0.0
1746638451.5858424,0.15,0.0
1746638451.9741206,0.15,0.0
1746638452.2764752,0.15,0.0
1746638452.6742775,0.15,0.0
1746638452.905904,0.15,0.0
1746638453.2792795,0.15,0.0
1746638453.6710064,0.15,0.0
1746638454.1021895,0.15,0.0
1746638454.3892117,0.15,0.0
1746638454.780608,0.15,0.0
1746638455.092001,0.15,0.0
1746638455.3908916,0.15,0.0
1746638455.670983,0.15,0.0
1746638455.893493,0.15,0.0
1746638456.2652893,0.15,0.0
1746638456.50387,0.15,0.0
1746638456.789721,0.15,0.0
1746638457.090055,0.15,0.0
1746638457.3964612,0.15,0.0
1746638457.7666025,0.15,0.0
1746638458.0026486,0.15,0.0
1746638458.2938018,0.15,0.0
1746638458.7037961,0.15,0.0
1746638458.992185,0.15,0.0
1746638459.3702996,0.15,0.0
1746638459.7037647,0.15,0.0
1746638460.172458,0.15,0.0
1746638460.4997222,0.15,0.0
1746638460.8085687,-0.05,1.0057614283088503
1746638461.2102392,0.0,0.3
1746638461.6070318,0.0,0.3
1746638461.9076936,0.0,0.3
1746638462.30135,0.0,0.3
1746638462.7778904,0.0,0.3
1746638463.0672834,-0.05,1.4169386184673152
1746638463.4043972,0.0,0.3
1746638463.7009385,0.0,0.3
1746638463.98405,0.0,0.3
1746638464.2088578,0.0,0.3
1746638464.689394,0.0,0.3
1746638465.0006745,0.15,0.0
1746638465.376069,-0.05,-1.1883986407422666
1746638465.7650998,0.0,0.3
1746638466.078135,0.0,0.3
1746638466.3001218,0.0,0.3
1746638466.6669881,0.15,0.0
1746638466.9642048,0.0,0.3
1746638467.2992516,0.0,0.3
1746638467.694758,-0.05,1.0366781051023057
1746638467.993058,0.15,0.0
1746638468.363158,0.15,0.0
1746638468.69173,0.15,0.0
1746638468.9936018,0.15,0.0
1746638469.3750155,0.1,0.5
1746638469.7891955,0.1,0.5
1746638470.2626798,0.1,0.5
1746638470.5866127,0.1,0.5
1746638471.000617,0.1,0.5
1746638471.4168918,0.1,0.5
1746638471.797809,0.1,0.5
1746638472.20778,0.1,0.5
1746638472.6075518,0.1,0.5
1746638472.8927872,0.1,0.5
1746638473.267274,0.1,0.5
1746638473.5877175,0.15,0.0
1746638473.9790728,0.15,0.0
1746638474.2747576,0.15,0.0
1746638474.7814736,0.15,0.0
1746638475.3496053,0.15,0.0
1746638475.6871002,0.15,0.0
1746638476.1763756,0.15,0.0
1746638476.4976163,0.15,0.0
1746638476.9641907,0.15,0.0
1746638477.2904065,0.15,0.0
1746638477.704233,0.15,0.0
1746638478.0933964,0.15,0.0
1746638478.4784818,0.15,0.0
1746638478.786553,0.15,0.0
1746638479.1786664,0.15,0.0
1746638479.6633313,0.15,0.0
1746638480.0119317,0.15,0.0
1746638480.3698208,0.15,0.0
1746638480.7962255,0.15,0.0
1746638481.3008668,0.15,0.0
1746638481.7752483,0.15,0.0
1746638482.2192266,0.15,0.0
1746638482.5885305,0.15,0.0
1746638483.0942016,0.15,0.0
1746638483.4994311,0.15,0.0
1746638484.2031746,0.15,0.0
1746638484.579213,0.15,0.0
1746638484.9710345,0.15,0.0
1746638485.3797822,0.15,0.0
1746638485.683514,0.15,0.0
1746638486.1692545,0.15,0.0
1746638486.5684824,0.15,0.0
1746638486.8635375,0.15,0.0
1746638487.2626863,0.15,0.0
1746638487.6017156,0.15,0.0
1746638487.8846767,0.15,0.0
1746638488.1884196,0.15,0.0
1746638488.4969053,0.15,0.0
1746638488.7780824,0.15,0.0
1746638489.1002018,0.15,0.0
1746638489.569804,0.15,0.0
1746638489.8775918,0.15,0.0
1746638490.2074401,0.15,0.0
1746638490.5698109,0.15,0.0
1746638490.8010666,0.15,0.0
1746638491.2652543,0.15,0.0
1746638491.7635176,0.1,-0.5
1746638492.1947515,0.1,-0.5
1746638492.589463,0.1,-0.5
1746638492.9652388,0.1,-0.5
1746638493.290875,0.1,-0.5
1746638493.6765351,0.1,-0.5
1746638494.0672722,0.1,-0.5
1746638494.3941374,0.1,-0.5
1746638494.7681932,0.15,0.0
1746638495.1734536,0.15,0.0
1746638495.4892237,0.15,0.0
1746638495.8329434,0.15,0.0
1746638496.2738523,0.15,0.0
1746638496.6103208,0.15,0.0
1746638496.9895682,0.15,0.0
1746638497.278277,0.15,0.0
1746638497.6040745,0.15,0.0
1746638498.0131686,0.15,0.0
1746638498.3729393,0.15,0.0
1746638498.691347,0.15,0.0
1746638498.9952755,0.15,0.0
1746638499.279883,0.15,0.0
1746638499.580645,0.15,0.0
1746638499.9962401,-0.05,-0.7603047821651611
1746638500.382232,0.0,0.3
1746638500.7703204,0.0,0.3
1746638501.0649655,0.0,0.3
1746638501.2956812,0.0,0.3
1746638501.6632285,0.0,0.3
1746638501.8952515,0.15,0.0
1746638502.292877,-0.05,0.6181343815654858
1746638502.6730886,0.15,0.0
1746638503.001618,0.0,0.3
1746638503.3044431,0.0,0.3
1746638503.6699193,0.15,0.0
1746638504.0632803,0.15,0.0
1746638504.3815277,-0.05,-0.11526421003042797
1746638504.689056,0.0,0.3
1746638504.9658864,0.0,0.3
1746638505.197351,0.15,0.0
1746638505.6893735,0.1,0.5
1746638505.9969926,0.1,0.5
1746638506.2909014,0.1,0.5
1746638506.6794887,0.1,0.5
1746638506.9895716,0.1,0.5
1746638507.3625917,0.1,0.5
1746638507.7735944,0.1,0.5
1746638508.1041536,0.1,0.5
1746638508.4644268,0.1,0.5
1746638508.7996929,0.1,0.5
1746638509.1682794,0.1,0.5
1746638509.5141776,0.1,0.5
1746638509.881512,0.1,0.5
1746638510.2006426,0.15,0.0
1746638510.4946287,0.15,0.0
1746638510.8918555,0.15,0.0
1746638511.3705971,0.15,0.0
1746638511.7292316,0.15,0.0
1746638512.1590257,0.15,0.0
1746638512.572019,0.15,0.0
1746638512.9404488,0.15,0.0
1746638513.294519,0.15,0.0
1746638513.6715918,0.15,0.0
1746638513.981451,0.15,0.0
1746638514.3733141,0.15,0.0
1746638514.7027779,0.15,0.0
1746638515.0824149,0.15,0.0
1746638515.3705873,0.15,0.0
1746638515.6673272,0.15,0.0
1746638515.9667356,0.15,0.0
1746638516.1874988,0.15,0.0
1746638516.5010068,0.15,0.0
1746638516.8633478,0.15,0.0
1746638517.180747,0.15,0.0
1746638517.5848017,0.15,0.0
1746638517.8820798,0.15,0.0
1746638518.2638338,0.15,0.0
1746638518.7067697,0.15,0.0
1746638519.1727984,0.15,0.0
1746638519.487648,0.15,0.0
1746638519.8048542,0.15,0.0
1746638520.1681054,0.15,0.0
1746638520.4722574,0.15,0.0
1746638520.7697365,0.15,0.0
1746638521.1638525,0.15,0.0
1746638521.56839,0.15,0.0
1746638521.979507,0.15,0.0
1746638522.3062072,0.15,0.0
1746638522.7726145,0.15,0.0
1746638523.1044393,0.15,0.0
1746638523.4917166,0.15,0.0
1746638523.7765338,0.15,0.0
1746638524.075654,0.15,0.0
1746638524.2832563,0.15,0.0
1746638524.579479,0.15,0.0
1746638524.8990338,0.15,0.0
1746638525.2716625,0.15,0.0
1746638525.5972214,0.15,0.0
1746638525.99053,0.15,0.0
1746638526.4641263,0.15,0.0
1746638526.688796,0.15,0.0
1746638527.0651877,0.15,0.0
1746638527.296966,0.15,0.0
1746638527.6810348,0.15,0.0
1746638527.9869118,0.15,0.0
1746638528.3660955,0.15,0.0
1746638528.6798594,0.15,0.0
1746638529.1002975,0.15,0.0
1746638529.4872932,0.15,0.0
1746638529.878339,0.15,0.0
1746638530.1772618,0.15,0.0
1746638530.5657747,0.15,0.0
1746638530.888644,0.15,0.0
1746638531.2720468,0.15,0.0
1746638531.5851862,0.15,0.0
1746638531.9030154,0.15,0.0
1746638532.1861644,0.15,0.0
1746638532.5051956,0.15,0.0
1746638532.7917817,0.15,0.0
1746638533.1077611,0.15,0.0
1746638533.3923826,0.15,0.0
1746638533.7722526,0.15,0.0
1746638534.1001492,0.15,0.0
1746638534.3768468,0.15,0.0
1746638534.8626523,0.15,0.0
1746638535.0963142,0.15,0.0
1746638535.4833133,0.15,0.0
1746638535.8807702,0.15,0.0
1746638536.1709948,0.1,-0.5
1746638536.475997,0.1,-0.5
1746638536.863543,0.1,-0.5
1746638537.1861813,0.15,0.0
1746638537.495209,0.15,0.0
1746638537.79491,0.15,0.0
1746638538.0734682,0.15,0.0
1746638538.3680294,0.1,-0.5
1746638538.5902042,0.1,-0.5
1746638538.8964515,0.1,-0.5
1746638539.265848,0.15,0.0
1746638539.5035782,0.15,0.0
1746638539.8705838,0.15,0.0
1746638540.174384,0.15,0.0
1746638540.4965026,0.15,0.0
1746638540.8732302,0.15,0.0
1746638541.2678466,0.15,0.0
1746638541.5882802,0.15,0.0
1746638541.8889403,0.15,0.0
1746638542.1955938,0.15,0.0
1746638542.585928,0.15,0.0
1746638542.895904,0.15,0.0
1746638543.1845741,0.15,0.0
1746638543.5965092,0.15,0.0
1746638543.9894526,0.15,0.0
1746638544.367717,-0.05,0.013516762293505069
1746638544.6649897,0.0,0.3
1746638544.8932338,0.0,0.3
1746638545.201859,0.0,0.3
1746638545.563119,0.0,0.3
1746638545.8792145,0.0,0.3
1746638546.3715622,-0.05,-0.9360868251299186
1746638546.690944,0.0,0.3
1746638546.996038,0.0,0.3
1746638547.5679078,0.0,0.3
1746638547.881165,0.0,0.3
1746638548.198824,0.0,0.3
1746638548.588896,-0.05,0.11537736175633162
1746638548.886564,0.0,0.3
1746638549.1893044,0.0,0.3
1746638549.5687857,0.0,0.3
1746638549.9717655,0.15,0.0
1746638550.4723828,0.0,0.3
1746638550.7851088,-0.05,-0.8229189604458763
1746638551.0834405,0.0,0.3
1746638551.4071097,0.0,0.3
1746638551.7776027,0.0,0.3
1746638552.1695287,0.0,0.3
1746638552.3931375,0.0,0.3
1746638552.7846076,0.15,0.0
1746638553.0748885,0.15,0.0
1746638553.4880638,0.15,0.0
1746638553.8631146,0.15,0.0
1746638554.1995907,0.15,0.0
1746638554.572167,0.15,0.0
1746638554.8722208,0.15,0.0
1746638555.1886997,0.1,0.5
1746638555.4826431,0.1,0.5
1746638555.77079,0.1,0.5
1746638556.0920043,0.1,0.5
1746638556.5938485,0.1,0.5
1746638556.9644299,0.15,0.0
1746638557.2851405,0.1,0.5
1746638557.5941107,0.1,0.5
1746638557.9029322,0.1,0.5
1746638558.1871736,0.1,0.5
1746638558.573125,0.1,0.5
1746638558.9701183,0.1,0.5
1746638559.3671086,0.15,0.0
1746638559.7054677,0.15,0.0
1746638560.065227,0.15,0.0
1746638560.2837827,0.15,0.0
1746638560.5893621,0.15,0.0
1746638560.8825433,0.15,0.0
1746638561.171094,0.15,0.0
1746638561.4816918,0.15,0.0
1746638561.7772262,0.15,0.0
1746638562.1926224,0.15,0.0
1746638562.5764885,0.15,0.0
1746638562.8892317,0.15,0.0
1746638563.2767885,0.15,0.0
1746638563.4955552,0.15,0.0
1746638563.800479,0.15,0.0
1746638564.16601,0.15,0.0
1746638564.4745753,0.15,0.0
1746638564.7830946,0.15,0.0
1746638565.1685297,0.15,0.0
1746638565.4025347,0.15,0.0
1746638565.7094057,0.15,0.0
1746638566.0730555,0.15,0.0
1746638566.471729,0.15,0.0
1746638566.6920183,0.15,0.0
1746638566.985585,0.15,0.0
1746638567.2999718,0.15,0.0
1746638567.5958157,0.15,0.0
1746638567.8831549,0.15,0.0
1746638568.263208,0.15,0.0
1746638568.5631824,0.15,0.0
1746638568.8882127,0.15,0.0
1746638569.2690809,0.15,0.0
1746638569.5981312,0.15,0.0
1746638569.878384,0.15,0.0
1746638570.269056,0.15,0.0
1746638570.6005085,0.15,0.0
1746638570.8832188,0.15,0.0
1746638571.2711194,0.15,0.0
1746638571.6666727,0.15,0.0
1746638571.9942584,0.15,0.0
1746638572.385262,0.15,0.0
1746638572.7834036,0.15,0.0
1746638573.0715845,0.15,0.0
1746638573.3722675,0.15,0.0
1746638573.6860723,0.15,0.0
1746638574.0746758,0.15,0.0
1746638574.4703503,0.15,0.0
1746638574.7695916,0.15,0.0
1746638575.0899541,0.15,0.0
1746638575.481089,0.15,0.0
1746638575.8916144,0.15,0.0
1746638576.2051926,0.15,0.0
1746638576.6868434,0.15,0.0
1746638577.076955,0.15,0.0
1746638577.3963668,0.15,0.0
1746638577.6991262,0.15,0.0
1746638577.9984472,0.15,0.0
1746638578.3044045,0.15,0.0
1746638578.6684399,0.15,0.0
1746638578.9841616,0.15,0.0
1746638579.3876123,0.15,0.0
1746638579.8060303,0.15,0.0
1746638580.1943252,0.15,0.0
1746638580.51237,0.15,0.0
1746638580.9978223,0.15,0.0
1746638581.3753347,0.15,0.0
1746638581.6856952,0.15,0.0
1746638582.0069768,0.15,0.0
1746638582.3918324,0.15,0.0
1746638582.765603,0.15,0.0
1746638583.096316,0.15,0.0
1746638583.3737235,0.15,0.0
1746638583.7718582,0.15,0.0
1746638584.0804348,0.15,0.0
1746638584.4781568,0.15,0.0
1746638584.788162,0.15,0.0
1746638585.083934,0.15,0.0
1746638585.3641675,0.15,0.0
1746638585.7051358,0.15,0.0
1746638586.0636983,0.15,0.0
1746638586.302649,0.15,0.0
1746638586.7893615,0.15,0.0
1746638587.27953,0.15,0.0
1746638587.5686646,0.15,0.0
1746638587.8969178,0.15,0.0
1746638588.1766744,0.1,0.5
1746638588.4821315,0.1,0.5
1746638588.7669175,0.1,0.5
1746638589.0739284,0.1,0.5
1746638589.2905126,0.1,0.5
1746638589.6697779,0.1,0.5
1746638590.1033814,0.15,0.0
1746638590.4682078,0.15,0.0
1746638590.778325,0.15,0.0
1746638591.0953848,0.15,0.0
1746638591.4002848,0.15,0.0
1746638591.7116716,0.15,0.0
1746638592.1686096,0.15,0.0
1746638592.4060454,0.15,0.0
1746638592.6765842,0.15,0.0
1746638593.0891783,0.15,0.0
1746638593.4684074,0.15,0.0
1746638593.76633,0.15,0.0
1746638594.076134,0.15,0.0
1746638594.3927794,0.1,0.5
1746638594.7645166,0.1,0.5
1746638595.0649283,0.1,0.5
1746638595.4058642,0.1,0.5
1746638595.6963637,0.1,0.5
1746638596.0007422,0.1,0.5
1746638596.2966268,0.1,0.5
1746638596.6707878,0.1,0.5
1746638596.9896214,0.1,0.5
1746638597.298216,0.1,0.5
1746638597.6845949,0.1,0.5
1746638597.9802575,0.15,0.0
1746638598.3063223,0.15,0.0
1746638598.674428,0.15,0.0
1746638599.0974128,0.15,0.0
1746638599.5628319,0.15,0.0
1746638599.8847878,0.15,0.0
1746638600.1928368,0.15,0.0
1746638600.5650432,0.15,0.0
1746638600.8019516,0.15,0.0
1746638601.2022853,0.15,0.0
1746638601.5663247,0.15,0.0
1746638601.8836663,0.15,0.0
1746638602.1809065,0.15,0.0
1746638602.5645263,0.15,0.0
1746638602.903252,0.15,0.0
1746638603.2755635,0.15,0.0
1746638603.6849964,0.15,0.0
1746638603.975638,0.15,0.0
1746638604.2764704,0.15,0.0
1746638604.5910127,0.15,0.0
1746638604.8821855,0.15,0.0
1746638605.1982532,0.15,0.0
1746638605.4947858,0.15,0.0
1746638605.968736,0.15,0.0
1746638606.3678849,0.15,0.0
1746638606.6625571,0.15,0.0
1746638607.0713778,0.15,0.0
1746638607.3994648,0.15,0.0
1746638607.7975898,0.15,0.0
1746638608.0926325,0.15,0.0
1746638608.5626245,0.15,0.0
1746638608.7974832,0.15,0.0
1746638609.1814265,0.15,0.0
1746638609.476051,0.15,0.0
1746638609.8928342,0.15,0.0
1746638610.2679605,0.15,0.0
1746638610.4953597,0.15,0.0
1746638610.9677432,0.15,0.0
1746638611.2777023,0.15,0.0
1746638611.5827053,0.15,0.0
1746638611.896716,0.15,0.0
1746638612.184985,0.15,0.0
1746638612.477776,0.15,0.0
1746638612.794271,0.15,0.0
1746638613.3732526,0.15,0.0
1746638613.6874142,0.15,0.0
1746638614.098165,0.15,0.0
1746638614.4938648,0.15,0.0
1746638614.7795196,0.15,0.0
1746638615.078414,0.15,0.0
1746638615.4635847,0.15,0.0
1746638615.6887395,0.15,0.0
1746638616.0666637,0.15,0.0
1746638616.463243,0.15,0.0
1746638616.7656364,0.15,0.0
1746638617.0895727,0.15,0.0
1746638617.3805618,0.15,0.0
1746638617.6746569,0.15,0.0
1746638617.9769533,0.15,0.0
1746638618.2952814,0.15,0.0
1746638618.6722417,0.15,0.0
1746638618.8875086,0.15,0.0
1746638619.2721589,0.15,0.0
1746638619.68033,0.15,0.0
1746638620.1629422,0.15,0.0
1746638620.3887646,0.15,0.0
1746638620.793892,0.15,0.0
1746638621.0865865,0.15,0.0
1746638621.378124,0.15,0.0
1746638621.7845325,0.15,0.0
1746638622.0774262,0.15,0.0
1746638622.4645765,0.15,0.0
1746638622.90056,0.15,0.0
1746638623.280737,0.15,0.0
1746638623.595072,0.15,0.0
1746638623.8905075,0.15,0.0
1746638624.1818702,0.15,0.0
1746638624.5841537,0.15,0.0
1746638624.8854024,0.15,0.0
1746638625.1933148,0.1,-0.5
1746638625.4729822,0.1,-0.5
1746638625.7177107,0.1,-0.5
1746638626.0081706,0.1,-0.5
1746638626.4810147,0.1,-0.5
1746638626.8703291,0.1,-0.5
1746638627.2188723,0.1,-0.5
1746638627.5802107,0.15,0.0
1746638627.9129133,0.15,0.0
1746638628.4970672,0.15,0.0
1746638628.8756516,0.15,0.0
1746638629.386171,0.15,0.0
1746638629.8774343,0.15,0.0
1746638630.266474,0.15,0.0
1746638630.694001,0.15,0.0
1746638631.0919557,0.15,0.0
1746638631.4982188,0.15,0.0
1746638631.8707285,0.15,0.0
1746638632.3079152,0.15,0.0
1746638632.6893716,0.15,0.0
1746638632.9830208,0.15,0.0
1746638633.29058,0.15,0.0
1746638633.6752262,0.15,0.0
1746638633.9656873,-0.05,0.04365804391773476
1746638634.2775097,0.0,0.3
1746638634.5811112,0.0,0.3
1746638634.9632988,0.0,0.3
1746638635.2638488,0.15,0.0
1746638635.5694711,0.0,0.3
1746638635.884944,0.0,0.3
1746638636.1664467,-0.05,-0.03821921406015605
1746638636.503391,0.15,0.0
1746638636.8745627,0.15,0.0
1746638637.28068,0.0,0.3
1746638637.6903806,0.0,0.3
1746638637.9888556,0.0,0.3
1746638638.278189,0.15,0.0
1746638638.587505,0.15,0.0
1746638638.9025578,-0.05,1.341282262367622
1746638639.2770429,0.0,0.3
1746638639.5948493,0.0,0.3
1746638639.9011364,0.0,0.3
1746638640.3059254,0.0,0.3
1746638640.8626716,0.0,0.3
1746638641.1966896,-0.05,-0.0007423331243621156
1746638641.6681733,0.0,0.3
1746638641.9885252,0.0,0.3
1746638642.276822,0.0,0.3
1746638642.7022204,0.0,0.3
1746638643.0867844,0.0,0.3
1746638643.4994652,0.1,0.5
1746638643.8851125,0.1,0.5
1746638644.2781017,0.1,0.5
1746638644.5828102,0.1,0.5
1746638644.8738995,0.1,0.5
1746638645.162827,0.1,0.5
1746638645.4856157,0.1,0.5
1746638645.8624861,0.1,0.5
1746638646.163251,0.1,0.5
1746638646.4018128,0.1,0.5
1746638646.797081,0.1,0.5
1746638647.1011064,0.1,0.5
1746638647.4076262,0.1,0.5
1746638647.7955117,0.1,0.5
1746638648.1951714,0.1,0.5
1746638648.4948556,0.1,0.5
1746638648.8805778,0.15,0.0
1746638649.1806219,0.15,0.0
1746638649.4898365,0.15,0.0
1746638649.7807724,0.15,0.0
1746638649.9843268,0.15,0.0
1746638650.2794654,0.15,0.0
1746638650.5852525,0.15,0.0
1746638650.8756044,0.15,0.0
1746638651.0982256,0.15,0.0
1746638651.4787886,0.15,0.0
1746638651.7738342,0.15,0.0
1746638652.094389,0.15,0.0
1746638652.3864198,0.15,0.0
1746638652.774219,0.15,0.0
1746638653.1025739,0.15,0.0
1746638653.3789206,0.15,0.0
1746638653.6916244,0.15,0.0
1746638654.105634,0.15,0.0
1746638654.3858123,0.1,-0.5
1746638654.7773821,0.1,-0.5
1746638655.0660641,0.1,-0.5
1746638655.3841386,0.1,-0.5
1746638655.7651443,0.1,-0.5
1746638656.0925395,0.1,-0.5
1746638656.4737022,0.1,-0.5
1746638656.885436,0.15,0.0
1746638657.187677,0.15,0.0
1746638657.5872576,0.15,0.0
1746638657.8985515,0.15,0.0
1746638658.3694308,0.15,0.0
1746638658.778673,0.15,0.0
1746638659.104462,0.15,0.0
1746638659.3856952,0.15,0.0
1746638659.6764805,0.15,0.0
1746638659.9954429,0.15,0.0
1746638660.384385,0.15,0.0
1746638660.8059378,0.15,0.0
1746638661.1809595,0.15,0.0
1746638661.5080135,0.15,0.0
1746638661.8644722,0.15,0.0
1746638662.2767875,0.15,0.0
1746638662.596637,0.15,0.0
1746638662.982325,0.15,0.0
1746638663.2890053,0.15,0.0
1746638663.5876892,0.15,0.0
1746638663.9650052,0.15,0.0
1746638664.3678923,0.15,0.0
1746638664.6692579,0.15,0.0
1746638664.9728327,0.15,0.0
1746638665.2877002,0.15,0.0
1746638665.568241,0.1,-0.5
1746638665.8830993,0.1,-0.5
1746638666.3661625,0.1,-0.5
1746638666.7731967,0.1,-0.5
1746638667.1874764,0.1,-0.5
1746638667.5057504,0.1,-0.5
1746638667.8625822,0.1,-0.5
1746638668.182893,0.15,0.0
1746638668.5854664,0.15,0.0
1746638668.9844944,0.15,0.0
1746638669.3648329,0.15,0.0
1746638669.6899564,0.15,0.0
1746638669.9642186,0.15,0.0
1746638670.3703318,0.15,0.0
1746638670.6831322,0.15,0.0
1746638671.162587,0.15,0.0
1746638671.468372,0.15,0.0
1746638671.779797,0.15,0.0
1746638672.0967884,0.15,0.0
1746638672.3965406,0.15,0.0
1746638672.862556,0.15,0.0
1746638673.1849473,0.15,0.0
1746638673.5782511,0.15,0.0
1746638673.8720539,0.15,0.0
1746638674.2656531,0.15,0.0
1746638674.501431,0.15,0.0
1746638674.9625328,0.15,0.0
1746638675.291536,0.15,0.0
1746638675.5828466,0.15,0.0
1746638675.9911587,0.15,0.0
1746638676.3700647,0.15,0.0
1746638676.7923975,0.15,0.0
1746638677.098596,0.15,0.0
1746638677.4654105,0.15,0.0
1746638677.8028371,0.15,0.0
1746638678.1028428,0.15,0.0
1746638678.496335,0.15,0.0
1746638678.9759305,0.15,0.0
1746638679.3036196,0.15,0.0
1746638679.7730596,0.15,0.0
1746638680.1664972,0.15,0.0
1746638680.4977136,0.15,0.0
1746638680.86687,0.15,0.0
1746638681.0971599,0.15,0.0
1746638681.4682567,0.15,0.0
1746638681.7910106,0.15,0.0
1746638682.0855756,-0.05,1.3880603182718687
1746638682.4089122,0.0,0.3
1746638682.6976504,0.0,0.3
1746638683.0062108,0.0,0.3
1746638683.3880167,0.15,0.0
1746638683.697773,0.0,0.3
1746638684.0693052,0.0,0.3
1746638684.3632443,-0.05,-1.09271891477283
1746638684.6950414,0.0,0.3
1746638684.980697,0.0,0.3
1746638685.2744038,0.0,0.3
1746638685.5842316,0.0,0.3
1746638685.9707417,0.0,0.3
1746638686.2851248,0.0,0.3
1746638686.597497,-0.05,-0.8738210319428746
1746638686.9052262,0.0,0.3
1746638687.2818735,0.0,0.3
1746638687.594091,0.0,0.3
1746638687.8876042,0.0,0.3
1746638688.3724844,0.0,0.3
1746638688.7680483,0.1,0.5
1746638689.0879717,-0.05,0.6212338186029509
1746638689.3869355,0.1,0.5
1746638689.779323,0.1,0.5
1746638690.0918765,0.1,0.5
1746638690.3917367,0.1,0.5
1746638690.6926725,0.15,0.0
1746638691.0699408,0.15,0.0
1746638691.4860413,0.15,0.0
1746638691.7918763,0.1,0.5
1746638692.1704226,0.1,0.5
1746638692.4782217,0.1,0.5
1746638692.8873386,0.1,0.5
1746638693.2841065,0.1,0.5
1746638693.5752518,0.1,0.5
1746638693.9737084,0.1,0.5
1746638694.2686472,0.1,0.5
1746638694.5700426,0.1,0.5
1746638694.8729606,0.1,0.5
1746638695.1933694,0.1,0.5
1746638695.489502,0.1,0.5
1746638695.8028553,0.1,0.5
1746638696.1834295,0.1,0.5
1746638696.5906844,0.15,0.0
1746638696.9725587,0.15,0.0
1746638697.2764666,0.15,0.0
1746638697.5923235,0.15,0.0
1746638698.06346,0.15,0.0
1746638698.3987305,0.15,0.0
1746638698.7902746,0.15,0.0
1746638699.178265,0.15,0.0
1746638699.5712457,0.15,0.0
1746638700.0651264,0.15,0.0
1746638700.3845248,0.15,0.0
1746638700.7636967,0.15,0.0
1746638700.980825,0.15,0.0
1746638701.2943525,0.15,0.0
1746638701.5765352,0.15,0.0
1746638702.0649462,0.15,0.0
1746638702.368814,0.15,0.0
1746638702.665269,0.15,0.0
1746638702.9001772,0.15,0.0
1746638703.2890534,0.15,0.0
1746638703.588037,0.15,0.0
1746638704.0930095,0.15,0.0
1746638704.3726346,0.15,0.0
1746638704.7626424,0.15,0.0
1746638705.0698404,0.1,0.5
1746638705.3898938,0.1,0.5
1746638705.7833648,0.1,0.5
1746638706.0945246,0.1,0.5
1746638706.5657969,0.1,0.5
1746638706.8911781,0.1,0.5
1746638707.1761491,0.1,0.5
1746638707.485601,0.15,0.0
1746638707.868539,0.15,0.0
1746638708.1041875,0.15,0.0
1746638708.492978,0.15,0.0
1746638708.7897732,0.15,0.0
1746638709.2636006,0.15,0.0
1746638709.5884197,0.15,0.0
1746638709.8919926,0.15,0.0
1746638710.1905315,0.15,0.0
1746638710.563009,0.15,0.0
1746638711.0818827,0.15,0.0
1746638711.4741783,0.15,0.0
1746638711.8814256,0.15,0.0
1746638712.175815,0.15,0.0
1746638712.3968582,0.15,0.0
1746638712.782155,0.15,0.0
1746638713.1777582,0.15,0.0
1746638713.4728022,0.15,0.0
1746638713.7809289,0.15,0.0
1746638714.0928612,0.1,-0.5
1746638714.382238,0.1,-0.5
1746638714.6659908,0.1,-0.5
1746638714.8986418,0.1,-0.5
1746638715.2787223,0.1,-0.5
1746638715.5973523,0.1,-0.5
1746638715.982204,0.1,-0.5
1746638716.3985817,0.1,-0.5
1746638716.6798294,0.1,-0.5
1746638716.9970243,0.15,0.0
1746638717.3663263,0.15,0.0
1746638717.6955051,0.15,0.0
1746638718.0640635,0.15,0.0
1746638718.3054495,0.15,0.0
1746638718.7905273,0.15,0.0
1746638719.1716185,0.15,0.0
1746638719.5740185,0.15,0.0
1746638719.9699943,0.15,0.0
1746638720.294964,0.15,0.0
1746638720.662669,0.15,0.0
1746638721.0870488,0.15,0.0
1746638721.3709624,-0.05,1.39364795031792
1746638721.666737,0.0,0.3
1746638722.083878,0.0,0.3
1746638722.3856275,0.0,0.3
1746638722.7683697,0.0,0.3
1746638723.079508,0.0,0.3
1746638723.4026234,-0.05,-0.3816094042152187
1746638723.6996155,0.0,0.3
1746638724.0893924,0.0,0.3
1746638724.4685814,0.15,0.0
1746638724.8629608,0.15,0.0
1746638725.1750844,0.0,0.3
1746638725.5869062,-0.05,1.0186411231617032
1746638725.8893406,0.15,0.0
1746638726.2024825,0.15,0.0
1746638726.5939417,0.15,0.0
1746638727.0074847,0.15,0.0
1746638727.3816152,0.15,0.0
1746638727.6825483,0.1,0.5
1746638728.0625,0.1,0.5
1746638728.3916433,0.1,0.5
1746638728.6970549,0.1,0.5
1746638728.9801197,0.1,0.5
1746638729.2896962,0.1,0.5
1746638729.608203,0.1,0.5
1746638729.9898582,0.1,0.5
1746638730.3628893,0.15,0.0
1746638730.6848474,0.15,0.0
1746638730.9862947,0.15,0.0
1746638731.398341,0.15,0.0
1746638731.6977904,0.15,0.0
1746638732.0687613,0.15,0.0
1746638732.4651616,0.15,0.0
1746638732.6896355,0.15,0.0
1746638732.988246,0.15,0.0
1746638733.370566,0.15,0.0
1746638733.7851503,0.15,0.0
1746638734.0930595,0.15,0.0
1746638734.391366,0.15,0.0
1746638734.7652845,0.15,0.0
1746638735.0058742,0.15,0.0
1746638735.3898292,0.15,0.0
1746638735.7697458,0.15,0.0
1746638736.0774262,0.15,0.0
1746638736.3717108,0.15,0.0
1746638736.8690586,0.15,0.0
1746638737.1783414,0.15,0.0
1746638737.4689362,0.15,0.0
1746638737.9633327,0.15,0.0
1746638738.269692,0.15,0.0
1746638738.6673162,0.15,0.0
1746638739.0698998,0.15,0.0
1746638739.4036112,0.15,0.0
1746638739.7636154,0.15,0.0
1746638740.0936778,0.15,0.0
1746638740.471609,0.15,0.0
1746638740.8801599,0.15,0.0
1746638741.1634045,0.15,0.0
1746638741.5747666,0.15,0.0
1746638741.8890548,0.15,0.0
1746638742.2955132,0.15,0.0
1746638742.672117,0.15,0.0
1746638743.0677662,0.15,0.0
1746638743.3923354,0.15,0.0
1746638743.7865818,0.15,0.0
1746638744.2789016,0.15,0.0
1746638744.5785186,0.15,0.0
1746638744.8973677,0.15,0.0
1746638745.1909187,0.15,0.0
1746638745.6745331,0.15,0.0
1746638746.0760016,0.15,0.0
1746638746.4679582,0.15,0.0
1746638746.7833638,0.15,0.0
1746638747.0860147,0.15,0.0
1746638747.380643,0.15,0.0
1746638747.5978262,0.15,0.0
1746638748.075148,0.15,0.0
1746638748.463691,0.15,0.0
1746638748.779448,0.15,0.0
1746638749.1670372,0.15,0.0
1746638749.5727966,0.15,0.0
1746638749.80948,0.15,0.0
1746638750.198176,0.15,0.0
1746638750.4862998,0.15,0.0
1746638750.8682241,0.15,0.0
1746638751.1655354,0.15,0.0
1746638751.478025,0.15,0.0
1746638751.868069,0.15,0.0
1746638752.1953707,0.15,0.0
1746638752.5943098,0.15,0.0
1746638752.8666317,0.15,0.0
1746638753.2760258,0.15,0.0
1746638753.6770244,-0.05,1.4570981241270382
1746638753.9705691,0.0,0.3
1746638754.1861436,0.0,0.3
1746638754.4704092,0.0,0.3
1746638754.7717676,0.0,0.3
1746638755.1625502,0.0,0.3
1746638755.5873616,0.0,0.3
1746638755.875921,-0.05,0.7124623507075034
1746638756.1993673,0.0,0.3
1746638756.5656357,0.15,0.0
1746638756.882209,0.0,0.3
1746638757.1862872,0.0,0.3
1746638757.4867315,0.0,0.3
1746638757.7762563,0.0,0.3
1746638758.2022738,-0.05,0.866619640779791
1746638758.4805825,0.15,0.0
1746638758.7822473,0.15,0.0
1746638759.1652575,0.15,0.0
1746638759.474442,0.15,0.0
1746638759.8829422,0.0,0.3
1746638760.2659771,-0.05,-1.0684681767949673
1746638760.6750894,0.0,0.3
1746638760.968273,0.0,0.3
1746638761.368544,0.0,0.3
1746638761.681418,0.0,0.3
1746638762.0833373,0.15,0.0
1746638762.562439,-0.05,-0.4180911177393085
1746638762.8792393,0.0,0.3
1746638763.205045,0.0,0.3
1746638763.5633056,0.1,0.5
1746638763.8884044,0.1,0.5
1746638764.1987598,0.1,0.5
1746638764.492484,0.1,0.5
1746638764.966007,0.1,0.5
1746638765.290446,0.1,0.5
1746638765.6855001,0.1,0.5
1746638766.0984116,0.1,0.5
1746638766.5653007,0.1,0.5
1746638766.8955643,0.1,0.5
1746638767.187867,0.1,0.5
1746638767.5732176,0.1,0.5
1746638767.866434,0.1,0.5
1746638768.1859026,0.15,0.0
1746638768.476559,0.15,0.0
1746638768.8656845,0.15,0.0
1746638769.103817,0.15,0.0
1746638769.3905978,0.15,0.0
1746638769.7043757,0.15,0.0
1746638770.0041385,0.15,0.0
1746638770.3001556,0.15,0.0
1746638770.5918145,0.15,0.0
1746638770.8929152,0.15,0.0
1746638771.277285,0.15,0.0
1746638771.679396,0.15,0.0
1746638771.9836693,0.15,0.0
1746638772.386861,0.15,0.0
1746638772.7916598,0.15,0.0
1746638773.0893412,0.15,0.0
1746638773.4726365,0.15,0.0
1746638773.7917156,0.15,0.0
1746638774.1790137,0.15,0.0
1746638774.5685024,-0.05,1.273712311630434
1746638774.878009,0.0,0.3
1746638775.2645438,0.0,0.3
1746638775.5023143,0.0,0.3
1746638775.8024685,0.0,0.3
1746638776.1780162,0.0,0.3
1746638776.5880673,-0.05,-0.18529370343535145
1746638776.80488,0.0,0.3
1746638777.1738784,0.0,0.3
1746638777.4923258,0.0,0.3
1746638777.8971493,0.0,0.3
1746638778.1885173,0.0,0.3
1746638778.4866533,0.0,0.3
1746638778.7931838,-0.05,0.4857197110341107
1746638779.0917895,0.0,0.3
1746638779.3879945,0.0,0.3
1746638779.7625263,0.0,0.3
1746638779.9973805,0.0,0.3
1746638780.4025671,0.0,0.3
1746638780.6831355,0.0,0.3
1746638780.9957972,0.15,0.0
1746638781.4047613,0.15,0.0
1746638781.6861393,0.15,0.0
1746638781.9831388,0.15,0.0
1746638782.2852862,0.15,0.0
1746638782.6625316,0.15,0.0
1746638782.8932228,0.1,0.5
1746638783.1910727,0.1,0.5
1746638783.5766513,0.1,0.5
1746638783.9718049,0.1,0.5
1746638784.3018682,0.15,0.0
1746638784.699067,0.15,0.0
1746638784.995896,0.1,0.5
1746638785.2741637,0.1,0.5
1746638785.564255,0.1,0.5
1746638785.9675977,0.1,0.5
1746638786.2820616,0.15,0.0
1746638786.5722108,0.15,0.0
1746638786.8020718,0.15,0.0
1746638787.1011748,0.15,0.0
1746638787.467946,0.15,0.0
1746638787.8054163,0.15,0.0
1746638788.2776282,0.15,0.0
1746638788.701798,0.15,0.0
1746638789.0790303,0.15,0.0
1746638789.3885686,0.15,0.0
1746638789.6793737,0.15,0.0
1746638790.1626668,0.15,0.0
1746638790.480816,0.15,0.0
1746638790.7995563,0.15,0.0
1746638791.2699766,0.15,0.0
1746638791.5902693,0.15,0.0
1746638791.9992814,0.15,0.0
1746638792.4634533,0.15,0.0
1746638792.6992242,0.15,0.0
1746638793.0728443,0.15,0.0
1746638793.3828764,0.15,0.0
1746638793.6826866,0.15,0.0
1746638794.070527,0.15,0.0
1746638794.289311,0.15,0.0
1746638794.596528,0.1,0.5
1746638794.8972595,0.1,0.5
1746638795.1875663,0.1,0.5
1746638795.4857347,0.1,0.5
1746638795.8104618,0.1,0.5
1746638796.0982375,0.1,0.5
1746638796.4856892,0.15,0.0
1746638796.8633528,0.15,0.0
1746638797.1710446,0.15,0.0
1746638797.4786258,0.15,0.0
1746638797.6914754,0.15,0.0
1746638798.006499,0.15,0.0
1746638798.2942703,0.15,0.0
1746638798.6884372,0.15,0.0
1746638799.0639594,0.15,0.0
1746638799.483381,0.15,0.0
1746638799.713399,0.15,0.0
1746638800.0914626,0.15,0.0
1746638800.3958683,0.15,0.0
1746638800.8014262,0.15,0.0
1746638801.1079345,0.15,0.0
1746638801.4710236,0.15,0.0
1746638801.8021548,0.15,0.0
1746638802.192791,0.15,0.0
1746638802.5962493,0.15,0.0
1746638802.9913614,0.15,0.0
1746638803.5643764,0.15,0.0
1746638803.880832,0.15,0.0
1746638804.1926067,0.15,0.0
1746638804.4776049,0.15,0.0
1746638804.9664025,0.15,0.0
1746638805.2895265,0.15,0.0
1746638805.5902448,0.15,0.0
1746638805.8896377,0.15,0.0
1746638806.2713447,0.15,0.0
1746638806.5924299,0.15,0.0
1746638807.0030384,0.15,0.0
1746638807.28536,0.15,0.0
1746638807.6030807,0.15,0.0
1746638808.0046802,0.15,0.0
1746638808.3976367,-0.05,-0.4756065329214332
1746638808.7030034,0.0,0.3
1746638809.0708547,0.0,0.3
1746638809.3031237,0.0,0.3
1746638809.6989315,0.0,0.3
1746638810.0956197,0.0,0.3
1746638810.4731238,-0.05,0.07636907543315852
1746638810.7712586,0.0,0.3
1746638811.0631483,0.0,0.3
1746638811.3762717,0.0,0.3
1746638811.5942278,0.0,0.3
1746638811.9843822,0.0,0.3
1746638812.3730674,0.0,0.3
1746638812.6938431,-0.05,-0.14610612573468096
1746638813.0022557,0.0,0.3
1746638813.3820016,0.0,0.3
1746638813.6804564,0.0,0.3
1746638813.969088,0.15,0.0
1746638814.2075129,0.0,0.3
1746638814.5053048,0.0,0.3
1746638814.9063091,-0.05,-1.0867156737666415
1746638815.2908492,0.0,0.3
1746638815.5897853,0.0,0.3
1746638815.9145358,0.0,0.3
1746638816.2066143,0.15,0.0
1746638816.4921973,0.0,0.3
1746638816.807242,0.0,0.3
1746638817.1051457,0.15,0.0
1746638817.4850388,-0.05,-0.523557598623202
1746638817.898746,0.0,0.3
1746638818.2924862,0.0,0.3
1746638818.6973922,0.15,0.0
1746638818.9929283,0.15,0.0
1746638819.399252,0.0,0.3
1746638819.6970756,-0.05,-1.0869264425173393
1746638820.1044815,0.0,0.3
1746638820.4918382,0.0,0.3
1746638820.897356,0.0,0.3
1746638821.2789187,0.0,0.3
1746638821.579753,0.15,0.0
1746638821.8742836,0.1,0.5
1746638822.285738,0.1,0.5
1746638822.7776217,0.1,0.5
1746638823.0944765,0.1,0.5
1746638823.473071,0.1,0.5
1746638823.7710853,0.1,0.5
1746638824.173772,0.1,0.5
1746638824.4634383,0.1,0.5
1746638824.7108483,0.1,0.5
1746638825.0709014,0.1,0.5
1746638825.3763385,0.1,0.5
1746638825.766332,0.1,0.5
1746638826.0974565,0.1,0.5
1746638826.4859707,0.15,0.0
1746638826.7645998,0.15,0.0
1746638827.0787852,0.15,0.0
1746638827.4636457,0.15,0.0
1746638827.886165,0.15,0.0
1746638828.1938279,0.15,0.0
1746638828.5730772,0.15,0.0
1746638828.8730862,0.15,0.0
1746638829.1739118,0.15,0.0
1746638829.5675254,0.15,0.0
1746638829.9638526,0.15,0.0
1746638830.2888873,0.15,0.0
1746638830.5795226,0.15,0.0
1746638830.8057358,0.15,0.0
1746638831.2025943,0.15,0.0
1746638831.5865211,0.15,0.0
1746638831.9853995,0.15,0.0
1746638832.2810292,0.15,0.0
1746638832.5876317,0.15,0.0
1746638832.9866836,0.15,0.0
1746638833.389561,0.15,0.0
1746638833.7827115,0.15,0.0
1746638834.1826756,0.15,0.0
1746638834.4892354,0.15,0.0
1746638834.8840861,0.15,0.0
1746638835.2854981,0.15,0.0
1746638835.6003835,0.15,0.0
1746638835.9985461,0.15,0.0
1746638836.37501,0.15,0.0
1746638836.6916263,0.15,0.0
1746638836.9751945,0.15,0.0
1746638837.2026694,0.15,0.0
1746638837.5915148,0.15,0.0
1746638837.8944821,0.15,0.0
1746638838.263028,0.15,0.0
1746638838.5928721,0.15,0.0
1746638838.8978229,0.15,0.0
1746638839.2634602,0.15,0.0
1746638839.5716114,0.15,0.0
1746638839.9004076,0.15,0.0
1746638840.2741232,0.15,0.0
1746638840.5709786,0.15,0.0
1746638840.9000878,0.15,0.0
1746638841.2874396,0.15,0.0
1746638841.7842307,0.15,0.0
1746638842.175622,0.15,0.0
1746638842.4822397,0.15,0.0
1746638842.7003744,0.15,0.0
1746638843.0844865,0.15,0.0
1746638843.3920474,0.1,0.5
1746638843.7083156,0.1,0.5
1746638844.0995586,0.1,0.5
1746638844.3981445,0.1,0.5
1746638844.702089,0.1,0.5
1746638845.084648,0.1,0.5
1746638845.4930007,0.1,0.5
1746638845.901752,0.1,0.5
1746638846.2100163,0.1,0.5
1746638846.4763508,0.15,0.0
1746638846.7881277,0.15,0.0
1746638847.0931907,0.15,0.0
1746638847.4056995,0.15,0.0
1746638847.7699757,0.15,0.0
1746638848.1914635,0.15,0.0
1746638848.4890893,0.15,0.0
1746638848.774535,0.15,0.0
1746638849.0875716,0.15,0.0
1746638849.4644995,0.15,0.0
1746638849.7849224,0.15,0.0
1746638850.1728306,0.15,0.0
1746638850.399725,0.15,0.0
1746638850.7752752,0.15,0.0
1746638851.083152,0.15,0.0
1746638851.38941,0.15,0.0
1746638851.699568,0.15,0.0
1746638852.0641267,0.15,0.0
1746638852.2892537,0.15,0.0
1746638852.577177,0.15,0.0
1746638852.9726715,0.15,0.0
1746638853.2704003,0.15,0.0
1746638853.690441,0.15,0.0
1746638854.096747,0.15,0.0
1746638854.4825013,0.1,-0.5
1746638854.88828,0.1,-0.5
1746638855.275188,0.1,-0.5
1746638855.5980809,0.1,-0.5
1746638855.8970373,0.15,0.0
1746638856.2770605,0.15,0.0
1746638856.6240072,0.15,0.0
1746638857.0772958,0.15,0.0
1746638857.393426,0.15,0.0
1746638857.7930307,0.15,0.0
1746638858.1021109,0.15,0.0
1746638858.4969158,0.15,0.0
1746638858.779496,0.15,0.0
1746638859.0929573,0.15,0.0
1746638859.5956037,0.15,0.0
1746638859.9658394,0.15,0.0
1746638860.2085786,0.15,0.0
1746638860.5993378,0.15,0.0
1746638860.979233,0.15,0.0
1746638861.3819466,0.15,0.0
1746638861.801058,0.15,0.0
1746638862.1833277,0.15,0.0
1746638862.492381,0.15,0.0
1746638862.8854525,0.15,0.0
1746638863.2907052,0.15,0.0
1746638863.5897956,0.15,0.0
1746638863.9861662,0.15,0.0
1746638864.3856614,0.15,0.0
1746638864.7020965,0.15,0.0
1746638864.999048,0.15,0.0
1746638865.3700616,0.15,0.0
1746638865.6105263,0.15,0.0
1746638865.908494,0.15,0.0
1746638866.279179,0.15,0.0
1746638866.5012298,0.15,0.0
1746638866.7838552,0.15,0.0
1746638867.069605,0.15,0.0
1746638867.3642068,0.15,0.0
1746638867.7858639,0.15,0.0
1746638868.100637,-0.05,-0.9345317370301902
1746638868.3974125,0.0,0.3
1746638868.8679087,0.0,0.3
1746638869.2689092,0.0,0.3
1746638869.5997076,0.15,0.0
1746638870.0672758,0.0,0.3
1746638870.2897933,-0.05,1.1072484203238862
1746638870.7055702,0.1,0.5
1746638871.164664,0.1,0.5
1746638871.4939036,0.1,0.5
1746638871.8924265,0.1,0.5
1746638872.2980692,0.1,0.5
1746638872.5885215,0.1,0.5
1746638872.8815591,0.1,0.5
1746638873.1694376,0.1,0.5
1746638873.4118938,0.1,0.5
1746638873.7660234,0.1,0.5
1746638874.0731645,0.15,0.0
1746638874.3928146,0.15,0.0
1746638874.7926426,0.15,0.0
1746638875.166307,0.15,0.0
1746638875.4095697,0.15,0.0
1746638875.8002472,0.15,0.0
1746638876.0988553,0.15,0.0
1746638876.396784,0.15,0.0
1746638876.8040452,0.15,0.0
1746638877.1832073,0.15,0.0
1746638877.5640197,0.15,0.0
1746638877.8762684,0.15,0.0
1746638878.17371,0.15,0.0
1746638878.4715707,0.15,0.0
1746638878.7056997,0.15,0.0
1746638879.173142,0.15,0.0
1746638879.5919266,0.15,0.0
1746638880.0626197,0.15,0.0
1746638880.4739404,0.15,0.0
1746638880.7772195,0.15,0.0
1746638881.1094878,0.15,0.0
1746638881.498244,0.15,0.0
1746638881.8732073,0.15,0.0
1746638882.2055717,0.15,0.0
1746638882.4874713,0.15,0.0
1746638882.8691618,0.15,0.0
1746638883.163716,0.15,0.0
1746638883.3946517,0.15,0.0
1746638883.7642965,0.15,0.0
1746638884.172302,0.15,0.0
1746638884.5715525,0.15,0.0
1746638884.8992288,0.15,0.0
1746638885.292644,0.15,0.0
1746638885.681698,0.15,0.0
1746638886.0046751,0.15,0.0
1746638886.474527,0.15,0.0
1746638886.7967105,0.15,0.0
1746638887.1651833,0.15,0.0
1746638887.4919193,0.15,0.0
1746638887.7793467,0.15,0.0
1746638888.0893476,0.15,0.0
1746638888.4689648,0.15,0.0
1746638888.7832131,0.15,0.0
1746638889.1022308,0.15,0.0
1746638889.5936668,0.15,0.0
1746638889.9987655,0.15,0.0
1746638890.39769,0.15,0.0
1746638890.7894664,0.15,0.0
1746638891.1051474,-0.05,1.0009011993667087
1746638891.4886339,0.0,0.3
1746638891.784318,0.0,0.3
1746638892.1907806,0.0,0.3
1746638892.4874785,0.0,0.3
1746638892.7888203,0.0,0.3
1746638893.2675278,-0.05,1.3854521637925012
1746638893.6012301,0.0,0.3
1746638893.9942687,0.15,0.0
1746638894.4725318,0.15,0.0
1746638894.7728968,0.15,0.0
1746638895.065042,0.15,0.0
1746638895.2972,0.15,0.0
1746638895.6664526,0.15,0.0
1746638895.9860613,0.15,0.0
1746638896.3131156,0.15,0.0
1746638896.6868548,0.15,0.0
1746638896.9899008,0.1,0.5
1746638897.3856497,0.1,0.5
1746638897.8000576,0.1,0.5
1746638898.0750031,0.15,0.0
1746638898.3840697,0.15,0.0
1746638898.7788613,0.15,0.0
1746638899.0789144,0.15,0.0
1746638899.3817,0.1,0.5
1746638899.7796273,0.1,0.5
1746638900.0885108,0.1,0.5
1746638900.3927147,0.15,0.0
1746638900.668227,0.15,0.0
1746638901.093639,0.15,0.0
1746638901.504441,0.15,0.0
1746638901.7810478,0.15,0.0
1746638902.095629,0.15,0.0
1746638902.489892,0.15,0.0
1746638902.7774937,0.15,0.0
1746638903.0787148,0.15,0.0
1746638903.4852543,0.15,0.0
1746638903.7775443,0.15,0.0
1746638904.0798664,0.15,0.0
1746638904.472712,0.15,0.0
